from_node,to_node
valerois,lisica_iz_sitca
valerois,nyctea_nivea
valerois,krab2010
valerois,moya_kazna
valerois,taikaaa
valerois,irbisa
valerois,skyg74
valerois,a_u
valerois,nucamb_no_necky
valerois,martinea
valerois,morseanen
valerois,aallaa_korg
valerois,alexmonc
valerois,beautyartist
valerois,grazdano4ka
valerois,polinius
valerois,milady_winter
valerois,nanik_81
valerois,saper
valerois,salme
valerois,sass_hummel
valerois,octaviovx
valerois,sergey_gora
valerois,elarbee
valerois,maximkamax
valerois,alikhin
valerois,ponka
valerois,natali_ya
valerois,germes06
valerois,elka_palka
valerois,igaljaka
valerois,yourlife
valerois,add_new
valerois,vlada4ka
valerois,hamptonlanny
valerois,st_shtuchka
valerois,alinaf
valerois,baryshnia
valerois,ant_fugue
valerois,lerche_z
valerois,lara_x
valerois,lgoldshm
valerois,marina_paz
valerois,koniglio
valerois,le_milady
valerois,stalic
valerois,zemlyanichnoe
valerois,trirub
valerois,babkaezhka
valerois,kolsanova
valerois,a_dyukov
valerois,lengo
valerois,valmsn
valerois,delayu_ru
valerois,magesqueen
valerois,nushkoshonado
valerois,ms_lizzy_bennet
valerois,darwen
valerois,charmel
valerois,qualityperson
valerois,3eta
valerois,xenia
valerois,postolenka
valerois,snusmoomrik
valerois,imur
valerois,miaky_miaky
valerois,viks_vaporub
valerois,ntl
valerois,leo_taxil
valerois,all_is_inside
valerois,leprechaun
valerois,dame_maggie
valerois,artavika
valerois,opora
valerois,gogol
valerois,zoe_dorogaya
valerois,salamandrina_
valerois,petitmari
valerois,bengalia
valerois,pingvin_sr
valerois,untitande
valerois,camoe
valerois,ulybchivaya
valerois,das_foland
valerois,kessil
valerois,m_golightly
valerois,boctok
valerois,sylphida
valerois,zuka1
valerois,donna_marta
valerois,cityofspheres
valerois,zigotto
valerois,levinius
valerois,innaplanetyanka
valerois,vorodis
valerois,glagolik
valerois,f3
valerois,moscowpoker
valerois,kitobow
valerois,ackeldama
valerois,balkonova
valerois,pandausa
valerois,kapturka
valerois,glam_blog
valerois,mamaracha
valerois,holy_quant
valerois,yankel
valerois,korolkri
valerois,ksenia_vasil
valerois,actr
valerois,borisakunin
valerois,insuretravel
valerois,demiurg8888
valerois,agizatullina
valerois,umo
valerois,ib_galochkina
valerois,monella
valerois,pripev0chka
valerois,milaslj
valerois,ment52
valerois,solovieff_ru
valerois,yutvar37
valerois,tareeva
valerois,jeruhmj
valerois,gertinskdmitr
valerois,zlove
valerois,graier
valerois,amid1
valerois,wonder1ng
valerois,morena_morana
valerois,almira2005
valerois,pulherija
valerois,togranada
valerois,alekseyryabtsev
valerois,doc_a
valerois,fox_in_burrow
valerois,sonbahar
valerois,levik
valerois,mykidsmom1
valerois,elhombresombro
valerois,thenyashdiaries
valerois,natatwin
valerois,e_f
valerois,xecco_photo
valerois,vorobeika
valerois,fedor778
valerois,artem_klyushin
valerois,pavelrudnev
valerois,yelya
valerois,ushkin
valerois,bumfufu
valerois,milaanufrieva
valerois,wattson
valerois,partizanman
valerois,fomina
valerois,drunk_cherry
valerois,cute_n_gorgeous
valerois,barma_glott
valerois,mivak
valerois,puduhepat
valerois,me_in_usa
valerois,mrani67
valerois,dominatorrr
valerois,timgud
valerois,angelight_a
valerois,sunnychka
valerois,dementievskiy
valerois,derzzkaja
valerois,socbatterfly
valerois,alexpashkov
valerois,yauedu
valerois,new_finder
valerois,janelight
valerois,pinyusha
valerois,just_one_girlie
valerois,hutshepsut
valerois,wasabi79
valerois,ministrkultury
valerois,razor_don
valerois,galephys
valerois,natura_andrey
valerois,namna
valerois,bagira
valerois,lian_lj
valerois,financepro
valerois,ptfenix
valerois,marinka
valerois,oonabond
valerois,mel_ny
valerois,ortivika
valerois,diefrau
valerois,yuksiyuksi
valerois,ne_nogapku
valerois,samoleg
valerois,milavalyacat
valerois,samsebeskazal
valerois,karial
valerois,altruisttka
valerois,sol_tat
valerois,gottfrid
valerois,kast_spb
valerois,no_globalism
valerois,musjka_03
valerois,glebminskiy
valerois,ranja
valerois,klaboo
valerois,igmak
valerois,marynog
valerois,horn_blende
valerois,darsik_dasha
valerois,krasivey
valerois,olya_babalya
valerois,parfumess
valerois,_arizonadream_
valerois,red_garnet
valerois,pavel_kosenko
valerois,sanechka_blume
valerois,owl98
valerois,oshestak
valerois,polosatka
valerois,krolchatina
valerois,duisiya
valerois,nayata
valerois,slurry7
valerois,angerona
valerois,berryl
valerois,greenarine
valerois,alisa_neverova
valerois,diamont_com
valerois,yyup79
valerois,sosedgeorg
valerois,helpspring2
valerois,frenchrus
valerois,acya
valerois,krimsky
valerois,kirbka
valerois,vareni_k
valerois,bills_daughter
valerois,bonne_aventure
valerois,nikolay_suslov
valerois,kisverchik
valerois,yoreshet
valerois,babushonok
valerois,eug3
valerois,camera__oil
valerois,nelis
valerois,beauty_co
valerois,irenabar
valerois,jnavigator
valerois,vollalol
valerois,kirulya
valerois,lolagetty
valerois,tegaychik
valerois,shshifter
valerois,tigra_usa
valerois,kozel_na_sakse
valerois,olganovikova
valerois,shpilenok
valerois,lefortoff
valerois,bodybit
valerois,zhabaevent
valerois,recoder
valerois,la_serafina
valerois,dk_zinger
valerois,true_lady
valerois,johnjthunderer
valerois,bobcatik
valerois,mnogo_piwu
valerois,_milashka
valerois,maleficente
valerois,kozerojka
valerois,elsa_fru
valerois,kristina_stark
valerois,arinusik333
valerois,londonguide
valerois,s_to4ki_zrenia
valerois,foxy_helen
valerois,ratitas
valerois,farbys
valerois,xcontcom
valerois,goodspider
valerois,sushile
valerois,evroru
valerois,lapoch
valerois,asyatka
valerois,nicety
valerois,oreganum
valerois,rozetka_q
valerois,je_ni
valerois,matveychev_oleg
valerois,vetrovosssk
valerois,azbukivedi
valerois,marusia05
valerois,leeloo5th
valerois,kpoxa_e
valerois,dudetka
valerois,pavel_ist
valerois,ponomarevitalik
valerois,olialukoe
